{
  "admin": [
    {
      "admin_name": "admin",
      "admin_password": "1234"
    }
  ],
  "subject": [
    {
      "subject_name": "Maths",
      "id": 1
    },
    {
      "subject_name": "English",
      "id": 2
    }
  ],
  "Exam": [
    {
      "id": 1,
      "exam_name": "Maths",
      "exam_desc": "This is Math Exam",
      "exam_date": "17-9-2021 17:49:39",
      "exam_marks": "5",
      "exam_totalQuestion": "5",
      "exam_passMarks": "3",
      "exam_level": "Easy"
    }
  ],
  "Question": [
    {
      "id": 1,
      "question_name": "10-5 ?",
      "option_one": "3",
      "option_two": "1",
      "option_three": "2",
      "option_four": "5",
      "question_answer": "5",
      "exam_id": 1,
      "subject_name": "Maths"
    },
    {
      "id": 2,
      "question_name": "10+5 ?",
      "option_one": "3",
      "option_two": "1",
      "option_three": "4",
      "option_four": "15",
      "question_answer": "15",
      "exam_id": 1,
      "subject_name": "Maths"
    },
    {
      "question_name": "10*5",
      "option_one": "10",
      "option_two": "5",
      "option_three": "50",
      "option_four": "2",
      "question_answer": "50",
      "exam_id": "1",
      "subject_name": "Maths",
      "id": 3
    },
    {
      "question_name": "110-10 ?",
      "option_one": "110",
      "option_two": "100",
      "option_three": "10",
      "option_four": "1",
      "question_answer": "100",
      "exam_id": "1",
      "subject_name": "Maths",
      "id": 4
    },
    {
      "question_name": "10/2 = ?",
      "option_one": "1",
      "option_two": "5",
      "option_three": "10",
      "option_four": "7",
      "question_answer": "5",
      "exam_id": "1",
      "subject_name": "Maths",
      "id": 5
    }
  ],
  "Result": [
    {
      "id": 1,
      "result_status": "Pass",
      "result_score": "3",
      "user_email": "ram@gmail.com",
      "exam_date": "12-23-12",
      "exam_name": "Maths",
      "total_marks": "5",
      "exam_id": "1",
      "total_Question": "5"
    },
    {
      "id": 2,
      "result_status": "Pass",
      "result_score": "3",
      "user_email": "ram@gmail.com",
      "exam_date": "12-23-12",
      "exam_name": "Maths",
      "total_marks": "5",
      "exam_id": "1",
      "total_Question": "5"
    },
    {
      "id": 3,
      "result_status": "Pass",
      "result_score": "3",
      "user_email": "shiv@gmail.com",
      "exam_date": "12-23-12",
      "exam_name": "Maths",
      "total_marks": "5",
      "exam_id": "1",
      "total_Question": "5"
    },
    {
      "result_status": "Pass",
      "result_score": 3,
      "user_email": "ram@gmail.com",
      "exam_date": "18-9-2021 20:49:39",
      "exam_name": "Maths",
      "total_marks": "5",
      "exam_id": "1",
      "total_Question": "5",
      "id": 4
    },
    {
      "result_status": "Pass",
      "result_score": 4,
      "user_email": "vishnu@gmail.com",
      "exam_date": "19-9-2021 15:11:27",
      "exam_name": "Maths",
      "total_marks": "5",
      "exam_id": "1",
      "total_Question": "5",
      "id": 5
    },
    {
      "result_status": "Pass",
      "result_score": 4,
      "user_email": "agni@gmail.com",
      "exam_date": "19-9-2021 15:20:37",
      "exam_name": "Maths",
      "total_marks": "5",
      "exam_id": "1",
      "total_Question": "5",
      "id": 6
    },
    {
      "result_status": "Pass",
      "result_score": 5,
      "user_email": "ram@gmail.com",
      "exam_date": "9-1-2022 11:29:34",
      "exam_name": "Maths",
      "total_marks": "5",
      "exam_id": "1",
      "total_Question": "5",
      "id": 7
    }
  ],
  "user": [
    {
      "id": 1,
      "user_name": "ram",
      "user_email": "ram@gmail.com",
      "user_password": "1234"
    },
    {
      "id": 2,
      "user_name": "shiv",
      "user_email": "shiv@gmail.com",
      "user_password": "1234"
    },
    {
      "user_name": "Vishnu",
      "user_email": "vishnu@gmail.com",
      "user_password": "123",
      "id": 3
    },
    {
      "user_name": "Agni",
      "user_email": "agni@gmail.com",
      "user_password": "123",
      "id": 4
    }
  ]
}